<application>
  <component name="CodeFoldingSettings">
    <option name="COLLAPSE_IMPORTS" value="false" />
  </component>
  <component name="CodeInsightSettings">
    <option name="completionCaseSensitive" value="1" />
    <option name="COMPLETION_CASE_SENSITIVE" value="1" />
    <option name="AUTOCOMPLETE_ON_SMART_TYPE_COMPLETION" value="false" />
  </component>
  <component name="CodeVisionSettings">
    <option name="codeVisionGroupToPosition">
      <map>
        <entry key="vcs.code.vision" value="Default" />
      </map>
    </option>
    <option name="defaultPosition" value="Right" />
  </component>
  <component name="EditorSettings">
    <option name="STRIP_TRAILING_SPACES" value="Whole" />
  </component>
  <component name="InlayHintsSettings">
    <option name="lastViewedProviderKeyId" value=".vcs.code.vision" />
  </component>
</application>