<application>
  <component name="FileTypeManager" version="19">
    <extensionMap>
      <mapping pattern="*.Dockerfile.*" type="Dockerfile" />
      <mapping pattern="Dockerfile.prod" type="Dockerfile" />
      <mapping ext="local" type="Dockerfile" />
      <mapping pattern=".env.test" type="PLAIN_TEXT" />
      <mapping pattern=".prettierignore" type="PLAIN_TEXT" />
      <mapping pattern=".dockerignore" type="PLAIN_TEXT" />
      <mapping pattern=".env" type="PLAIN_TEXT" />
      <mapping ext="ink" type="PLAIN_TEXT" />
      <mapping ext="toml" type="YAML" />
      <mapping ext="ohm" type="tsconfig" />
      <removed_mapping ext="ignore" approved="true" type="IgnoreLang file" />
      <removed_mapping ext="toml" approved="true" type="TOML" />
      <removed_mapping pattern=".dockerignore" approved="true" type="Docker File" />
      <removed_mapping pattern=".prettierignore" approved="true" type="Prettier File" />
      <mapping pattern="OriginInput" type="JSX Harmony" />
    </extensionMap>
  </component>
</application>