<application>
  <component name="GraziConfig">
    <option name="suppressingContext">
      <SuppressingContext>
        <option name="suppressed">
          <set>
            <option value="UI was used" />
            <option value="We timed out waiting" />
            <option value="]" />
            <option value="new that should" />
            <option value="returns in the" />
            <option value="storing the predictions data in" />
            <option value="string so it can" />
            <option value="the Cohere" />
          </set>
        </option>
      </SuppressingContext>
    </option>
  </component>
</application>