<application>
  <component name="MaterialCustomThemeConfig">
    <option name="excludedColor" value="818596ff" />
    <option name="accentColor" value="ce6f8fff" />
    <option name="notificationsColor" value="30365fff" />
    <option name="treeSelectionColor" value="1b1c36ff" />
    <option name="highlightColor" value="30365fff" />
    <option name="secondBorderColor" value="1b1f23ff" />
    <option name="tableSelectedColor" value="1b1c36ff" />
    <option name="contrastColor" value="1e2428ff" />
    <option name="disabledColor" value="6a737dff" />
    <option name="secondaryBackgroundColor" value="2f363dff" />
    <option name="buttonColor" value="39414aff" />
    <option name="selectionForegroundColor" value="ffffffff" />
    <option name="selectionBackgroundColor" value="3392ff44" />
    <option name="textColor" value="ecf0c1ff" />
    <option name="foregroundColor" value="ecf0c1ff" />
    <option name="backgroundColor" value="0f111bff" />
  </component>
</application>