<application>
  <component name="UpdatesConfigurable">
    <option name="LAST_BUILD_CHECKED" value="GO-243.22562.186" />
    <option name="LAST_TIME_CHECKED" value="1734737183859" />
    <option name="OBSOLETE_CUSTOM_REPOSITORIES_CLEAN_NEEDED" value="false" />
    <pluginHosts>
      <item value="https://plugins.jetbrains.com/plugins/Super-Early-Bird/list" />
    </pluginHosts>
    <option name="THIRD_PARTY_PLUGINS_ALLOWED" value="true" />
    <option name="WHATS_NEW_SHOWN_FOR" value="243" />
  </component>
</application>