<application>
  <component name="WindowManager">
    <frame x="580" y="190" width="1400" height="1000" fullScreen="true" />
  </component>
  <component name="WindowStateApplicationService">
    <state width="764" height="499" key="ShowUsagesActions.dimensionServiceKey" timestamp="1734737213112">
      <screen x="0" y="25" width="2560" height="1330" />
    </state>
    <state width="764" height="499" key="ShowUsagesActions.dimensionServiceKey/-1440.-666.1440.2535/0.25.2560.1330" timestamp="1734737213112" />
  </component>
</application>