<keymap version="1" name="macOS copy 1" parent="Mac OS X 10.5+">
  <action id="DatabaseView.PropertiesAction" />
  <action id="Git.Branches">
    <keyboard-shortcut first-keystroke="alt b" />
  </action>
  <action id="GoFmtFileAction">
    <keyboard-shortcut first-keystroke="shift meta alt f" />
    <keyboard-shortcut first-keystroke="alt l" />
  </action>
  <action id="GotoImplementation">
    <keyboard-shortcut first-keystroke="meta i" />
  </action>
  <action id="RenameElement">
    <keyboard-shortcut first-keystroke="alt r" />
  </action>
  <action id="org.intellij.plugins.markdown.ui.actions.styling.ToggleItalicAction" />
</keymap>