<code_scheme name="Default" version="173">
  <HTMLCodeStyleSettings>
    <option name="HTML_SPACE_INSIDE_EMPTY_TAG" value="true" />
  </HTMLCodeStyleSettings>
  <JSCodeStyleSettings version="0">
    <option name="USE_SEMICOLON_AFTER_STATEMENT" value="false" />
    <option name="FORCE_SEMICOLON_STYLE" value="true" />
    <option name="USE_DOUBLE_QUOTES" value="false" />
    <option name="FORCE_QUOTE_STYlE" value="true" />
    <option name="SPACES_WITHIN_OBJECT_LITERAL_BRACES" value="true" />
    <option name="SPACES_WITHIN_IMPORTS" value="true" />
  </JSCodeStyleSettings>
  <TypeScriptCodeStyleSettings version="0">
    <option name="USE_SEMICOLON_AFTER_STATEMENT" value="false" />
    <option name="FORCE_SEMICOLON_STYLE" value="true" />
    <option name="USE_DOUBLE_QUOTES" value="false" />
    <option name="FORCE_QUOTE_STYlE" value="true" />
    <option name="ENFORCE_TRAILING_COMMA" value="WhenMultiline" />
    <option name="SPACES_WITHIN_OBJECT_LITERAL_BRACES" value="true" />
    <option name="SPACES_WITHIN_IMPORTS" value="true" />
  </TypeScriptCodeStyleSettings>
  <codeStyleSettings language="JavaScript">
    <indentOptions>
      <option name="INDENT_SIZE" value="2" />
      <option name="CONTINUATION_INDENT_SIZE" value="2" />
      <option name="TAB_SIZE" value="2" />
    </indentOptions>
  </codeStyleSettings>
  <codeStyleSettings language="TypeScript">
    <indentOptions>
      <option name="INDENT_SIZE" value="2" />
      <option name="CONTINUATION_INDENT_SIZE" value="2" />
      <option name="TAB_SIZE" value="2" />
    </indentOptions>
  </codeStyleSettings>
</code_scheme>